txId,class
100000,unknown
100001,2
100002,unknown
100003,unknown
100004,2
100005,unknown
100006,2
100007,2
100008,unknown
100009,unknown
100010,unknown
100011,2
100012,unknown
100013,unknown
100014,unknown
100015,unknown
100016,unknown
100017,unknown
100018,unknown
100019,2
100020,unknown
100021,unknown
100022,unknown
100023,unknown
100024,1
100025,unknown
100026,2
100027,unknown
100028,unknown
100029,unknown
100030,unknown
100031,unknown
100032,unknown
100033,unknown
100034,unknown
100035,unknown
100036,unknown
100037,unknown
100038,2
100039,unknown
100040,unknown
100041,unknown
100042,unknown
100043,unknown
100044,unknown
100045,2
100046,unknown
100047,unknown
100048,unknown
100049,unknown
100050,unknown
100051,2
100052,2
100053,unknown
100054,unknown
100055,unknown
100056,unknown
100057,unknown
100058,2
100059,2
100060,unknown
100061,unknown
100062,1
100063,unknown
100064,unknown
100065,2
100066,unknown
100067,unknown
100068,2
100069,unknown
100070,unknown
100071,unknown
100072,2
100073,unknown
100074,2
100075,unknown
100076,2
100077,unknown
100078,unknown
100079,unknown
100080,unknown
100081,unknown
100082,unknown
100083,unknown
100084,unknown
100085,unknown
100086,unknown
100087,unknown
100088,unknown
100089,unknown
100090,2
100091,unknown
100092,unknown
100093,unknown
100094,unknown
100095,unknown
100096,unknown
100097,unknown
100098,unknown
100099,2
100100,unknown
100101,unknown
100102,unknown
100103,unknown
100104,2
100105,1
100106,unknown
100107,2
100108,unknown
100109,unknown
100110,1
100111,unknown
100112,unknown
100113,unknown
100114,unknown
100115,unknown
100116,unknown
100117,unknown
100118,unknown
100119,unknown
100120,2
100121,unknown
100122,unknown
100123,unknown
100124,unknown
100125,unknown
100126,unknown
100127,unknown
100128,unknown
100129,unknown
100130,unknown
100131,unknown
100132,unknown
100133,unknown
100134,unknown
100135,unknown
100136,2
100137,unknown
100138,unknown
100139,unknown
100140,unknown
100141,unknown
100142,unknown
100143,unknown
100144,unknown
100145,unknown
100146,unknown
100147,unknown
100148,unknown
100149,2
100150,unknown
100151,2
100152,2
100153,unknown
100154,2
100155,unknown
100156,unknown
100157,unknown
100158,unknown
100159,unknown
100160,2
100161,unknown
100162,unknown
100163,unknown
100164,unknown
100165,unknown
100166,2
100167,unknown
100168,unknown
100169,unknown
100170,unknown
100171,unknown
100172,2
100173,2
100174,2
100175,2
100176,unknown
100177,unknown
100178,2
100179,unknown
100180,unknown
100181,unknown
100182,unknown
100183,unknown
100184,unknown
100185,unknown
100186,2
100187,unknown
100188,unknown
100189,2
100190,unknown
100191,2
100192,unknown
100193,unknown
100194,unknown
100195,unknown
100196,unknown
100197,unknown
100198,2
100199,unknown
100200,unknown
100201,unknown
100202,2
100203,unknown
100204,unknown
100205,2
100206,unknown
100207,unknown
100208,unknown
100209,unknown
100210,unknown
100211,2
100212,unknown
100213,unknown
100214,unknown
100215,unknown
100216,unknown
100217,1
100218,2
100219,2
100220,unknown
100221,2
100222,2
100223,unknown
100224,unknown
100225,unknown
100226,unknown
100227,unknown
100228,unknown
100229,unknown
100230,2
100231,unknown
100232,unknown
100233,2
100234,unknown
100235,unknown
100236,unknown
100237,unknown
100238,unknown
100239,2
100240,unknown
100241,unknown
100242,unknown
100243,unknown
100244,unknown
100245,unknown
100246,unknown
100247,2
100248,unknown
100249,unknown
100250,unknown
100251,unknown
100252,unknown
100253,2
100254,2
100255,unknown
100256,unknown
100257,unknown
100258,unknown
100259,2
100260,unknown
100261,unknown
100262,unknown
100263,unknown
100264,2
100265,unknown
100266,unknown
100267,unknown
100268,unknown
100269,unknown
100270,unknown
100271,unknown
100272,unknown
100273,unknown
100274,unknown
100275,unknown
100276,unknown
100277,unknown
100278,unknown
100279,unknown
100280,2
100281,unknown
100282,1
100283,unknown
100284,unknown
100285,unknown
100286,unknown
100287,2
100288,2
100289,unknown
100290,unknown
100291,2
100292,2
100293,2
100294,unknown
100295,2
100296,unknown
100297,unknown
100298,unknown
100299,unknown
100300,unknown
100301,unknown
100302,2
100303,unknown
100304,unknown
100305,unknown
100306,2
100307,unknown
100308,unknown
100309,unknown
100310,2
100311,unknown
100312,2
100313,unknown
100314,2
100315,unknown
100316,2
100317,unknown
100318,unknown
100319,2
100320,unknown
100321,unknown
100322,unknown
100323,unknown
100324,unknown
100325,unknown
100326,unknown
100327,unknown
100328,unknown
100329,unknown
100330,unknown
100331,unknown
100332,unknown
100333,2
100334,unknown
100335,unknown
100336,unknown
100337,2
100338,unknown
100339,2
100340,unknown
100341,unknown
100342,unknown
100343,unknown
100344,unknown
100345,2
100346,unknown
100347,unknown
100348,unknown
100349,unknown
100350,unknown
100351,2
100352,2
100353,unknown
100354,unknown
100355,2
100356,unknown
100357,unknown
100358,unknown
100359,unknown
100360,unknown
100361,2
100362,2
100363,2
100364,unknown
100365,unknown
100366,2
100367,unknown
100368,2
100369,2
100370,2
100371,2
100372,2
100373,unknown
100374,unknown
100375,unknown
100376,unknown
100377,2
100378,unknown
100379,unknown
100380,unknown
100381,unknown
100382,unknown
100383,2
100384,unknown
100385,unknown
100386,unknown
100387,2
100388,unknown
100389,2
100390,unknown
100391,unknown
100392,unknown
100393,unknown
100394,unknown
100395,2
100396,2
100397,unknown
100398,2
100399,2
100400,unknown
100401,unknown
100402,unknown
100403,2
100404,unknown
100405,2
100406,unknown
100407,unknown
100408,2
100409,unknown
100410,unknown
100411,unknown
100412,unknown
100413,unknown
100414,unknown
100415,unknown
100416,unknown
100417,2
100418,unknown
100419,1
100420,unknown
100421,unknown
100422,unknown
100423,2
100424,unknown
100425,2
100426,unknown
100427,unknown
100428,unknown
100429,unknown
100430,unknown
100431,unknown
100432,unknown
100433,2
100434,unknown
100435,2
100436,unknown
100437,unknown
100438,unknown
100439,unknown
100440,2
100441,2
100442,2
100443,unknown
100444,unknown
100445,2
100446,unknown
100447,unknown
100448,2
100449,unknown
100450,unknown
100451,2
100452,unknown
100453,unknown
100454,unknown
100455,2
100456,unknown
100457,2
100458,2
100459,unknown
100460,unknown
100461,unknown
100462,unknown
100463,unknown
100464,unknown
100465,1
100466,unknown
100467,1
100468,2
100469,unknown
100470,unknown
100471,2
100472,unknown
100473,unknown
100474,unknown
100475,2
100476,unknown
100477,unknown
100478,unknown
100479,unknown
100480,unknown
100481,unknown
100482,unknown
100483,unknown
100484,unknown
100485,unknown
100486,unknown
100487,unknown
100488,2
100489,unknown
100490,unknown
100491,unknown
100492,unknown
100493,unknown
100494,2
100495,unknown
100496,unknown
100497,2
100498,unknown
100499,unknown
100500,unknown
100501,unknown
100502,unknown
100503,unknown
100504,2
100505,2
100506,unknown
100507,unknown
100508,unknown
100509,unknown
100510,2
100511,unknown
100512,unknown
100513,unknown
100514,unknown
100515,2
100516,unknown
100517,2
100518,unknown
100519,unknown
100520,unknown
100521,unknown
100522,unknown
100523,2
100524,unknown
100525,unknown
100526,unknown
100527,2
100528,unknown
100529,unknown
100530,unknown
100531,unknown
100532,unknown
100533,2
100534,2
100535,unknown
100536,unknown
100537,unknown
100538,unknown
100539,2
100540,unknown
100541,unknown
100542,unknown
100543,unknown
100544,unknown
100545,unknown
100546,unknown
100547,unknown
100548,unknown
100549,2
100550,unknown
100551,2
100552,unknown
100553,unknown
100554,unknown
100555,2
100556,2
100557,unknown
100558,unknown
100559,unknown
100560,2
100561,unknown
100562,unknown
100563,unknown
100564,unknown
100565,unknown
100566,unknown
100567,unknown
100568,unknown
100569,2
100570,unknown
100571,1
100572,unknown
100573,unknown
100574,unknown
100575,unknown
100576,unknown
100577,unknown
100578,2
100579,unknown
100580,unknown
100581,unknown
100582,unknown
100583,2
100584,unknown
100585,unknown
100586,unknown
100587,unknown
100588,2
100589,2
100590,unknown
100591,2
100592,2
100593,2
100594,unknown
100595,1
100596,unknown
100597,unknown
100598,2
100599,2
100600,2
100601,2
100602,unknown
100603,unknown
100604,unknown
100605,unknown
100606,2
100607,unknown
100608,unknown
100609,unknown
100610,2
100611,2
100612,unknown
100613,unknown
100614,unknown
100615,1
100616,unknown
100617,2
100618,unknown
100619,unknown
100620,unknown
100621,unknown
100622,unknown
100623,unknown
100624,unknown
100625,unknown
100626,1
100627,unknown
100628,unknown
100629,2
100630,unknown
100631,1
100632,2
100633,unknown
100634,unknown
100635,unknown
100636,2
100637,unknown
100638,2
100639,unknown
100640,unknown
100641,2
100642,unknown
100643,unknown
100644,unknown
100645,2
100646,unknown
100647,unknown
100648,unknown
100649,unknown
100650,unknown
100651,unknown
100652,unknown
100653,2
100654,unknown
100655,unknown
100656,unknown
100657,unknown
100658,unknown
100659,unknown
100660,unknown
100661,unknown
100662,unknown
100663,unknown
100664,unknown
100665,unknown
100666,unknown
100667,2
100668,unknown
100669,2
100670,unknown
100671,unknown
100672,unknown
100673,2
100674,unknown
100675,unknown
100676,unknown
100677,unknown
100678,unknown
100679,unknown
100680,1
100681,2
100682,unknown
100683,unknown
100684,unknown
100685,unknown
100686,2
100687,unknown
100688,unknown
100689,unknown
100690,1
100691,unknown
100692,unknown
100693,unknown
100694,2
100695,unknown
100696,unknown
100697,unknown
100698,unknown
100699,unknown
100700,unknown
100701,unknown
100702,unknown
100703,2
100704,unknown
100705,unknown
100706,unknown
100707,unknown
100708,2
100709,2
100710,unknown
100711,unknown
100712,2
100713,unknown
100714,unknown
100715,unknown
100716,unknown
100717,unknown
100718,2
100719,unknown
100720,unknown
100721,unknown
100722,unknown
100723,unknown
100724,2
100725,1
100726,unknown
100727,unknown
100728,unknown
100729,unknown
100730,unknown
100731,unknown
100732,unknown
100733,unknown
100734,unknown
100735,unknown
100736,2
100737,unknown
100738,unknown
100739,2
100740,unknown
100741,unknown
100742,unknown
100743,2
100744,unknown
100745,unknown
100746,unknown
100747,unknown
100748,unknown
100749,unknown
100750,2
100751,unknown
100752,unknown
100753,2
100754,unknown
100755,unknown
100756,unknown
100757,unknown
100758,unknown
100759,unknown
100760,2
100761,unknown
100762,2
100763,unknown
100764,1
100765,unknown
100766,unknown
100767,unknown
100768,unknown
100769,unknown
100770,unknown
100771,2
100772,2
100773,unknown
100774,unknown
100775,unknown
100776,unknown
100777,unknown
100778,unknown
100779,unknown
100780,unknown
100781,unknown
100782,2
100783,unknown
100784,unknown
100785,2
100786,2
100787,unknown
100788,unknown
100789,unknown
100790,2
100791,unknown
100792,unknown
100793,unknown
100794,unknown
100795,unknown
100796,unknown
100797,unknown
100798,unknown
100799,unknown
100800,unknown
100801,unknown
100802,2
100803,unknown
100804,unknown
100805,unknown
100806,unknown
100807,unknown
100808,unknown
100809,unknown
100810,unknown
100811,unknown
100812,unknown
100813,unknown
100814,unknown
100815,2
100816,2
100817,unknown
100818,unknown
100819,unknown
100820,unknown
100821,2
100822,unknown
100823,unknown
100824,unknown
100825,unknown
100826,2
100827,unknown
100828,2
100829,unknown
100830,unknown
100831,unknown
100832,unknown
100833,unknown
100834,2
100835,unknown
100836,unknown
100837,unknown
100838,unknown
100839,unknown
100840,unknown
100841,unknown
100842,2
100843,2
100844,2
100845,2
100846,unknown
100847,unknown
100848,unknown
100849,unknown
100850,unknown
100851,unknown
100852,2
100853,unknown
100854,unknown
100855,unknown
100856,unknown
100857,unknown
100858,unknown
100859,unknown
100860,unknown
100861,unknown
100862,unknown
100863,2
100864,unknown
100865,2
100866,2
100867,unknown
100868,unknown
100869,2
100870,2
100871,unknown
100872,unknown
100873,unknown
100874,unknown
100875,unknown
100876,2
100877,unknown
100878,unknown
100879,2
100880,2
100881,unknown
100882,unknown
100883,unknown
100884,unknown
100885,unknown
100886,unknown
100887,unknown
100888,unknown
100889,unknown
100890,2
100891,unknown
100892,unknown
100893,unknown
100894,2
100895,2
100896,unknown
100897,unknown
100898,unknown
100899,2
100900,unknown
100901,unknown
100902,unknown
100903,2
100904,unknown
100905,2
100906,unknown
100907,2
100908,unknown
100909,2
100910,1
100911,unknown
100912,unknown
100913,unknown
100914,unknown
100915,unknown
100916,unknown
100917,unknown
100918,2
100919,unknown
100920,unknown
100921,unknown
100922,2
100923,unknown
100924,unknown
100925,unknown
100926,unknown
100927,unknown
100928,unknown
100929,unknown
100930,2
100931,unknown
100932,2
100933,unknown
100934,unknown
100935,unknown
100936,unknown
100937,2
100938,unknown
100939,unknown
100940,unknown
100941,1
100942,unknown
100943,unknown
100944,unknown
100945,2
100946,unknown
100947,unknown
100948,unknown
100949,unknown
100950,unknown
100951,unknown
100952,unknown
100953,2
100954,unknown
100955,unknown
100956,2
100957,unknown
100958,unknown
100959,2
100960,unknown
100961,unknown
100962,2
100963,2
100964,unknown
100965,1
100966,unknown
100967,2
100968,unknown
100969,unknown
100970,unknown
100971,1
100972,unknown
100973,unknown
100974,unknown
100975,unknown
100976,unknown
100977,unknown
100978,unknown
100979,1
100980,unknown
100981,unknown
100982,unknown
100983,unknown
100984,unknown
100985,unknown
100986,unknown
100987,unknown
100988,unknown
100989,unknown
100990,2
100991,unknown
100992,unknown
100993,unknown
100994,2
100995,unknown
100996,unknown
100997,unknown
100998,unknown
100999,unknown
101000,unknown
101001,2
101002,unknown
101003,unknown
101004,2
101005,2
101006,unknown
101007,unknown
101008,unknown
101009,unknown
101010,unknown
101011,2
101012,unknown
101013,unknown
101014,unknown
101015,unknown
101016,unknown
101017,unknown
101018,unknown
101019,unknown
101020,unknown
101021,unknown
101022,unknown
101023,unknown
101024,unknown
101025,2
101026,unknown
101027,2
101028,unknown
101029,unknown
101030,unknown
101031,unknown
101032,2
101033,2
101034,unknown
101035,unknown
101036,unknown
101037,unknown
101038,unknown
101039,unknown
101040,unknown
101041,unknown
101042,2
101043,unknown
101044,unknown
101045,unknown
101046,unknown
101047,unknown
101048,2
101049,unknown
101050,unknown
101051,unknown
101052,unknown
101053,unknown
101054,unknown
101055,unknown
101056,unknown
101057,unknown
101058,unknown
101059,unknown
101060,unknown
101061,unknown
101062,unknown
101063,unknown
101064,2
101065,unknown
101066,unknown
101067,unknown
101068,unknown
101069,unknown
101070,unknown
101071,unknown
101072,unknown
101073,unknown
101074,unknown
101075,2
101076,2
101077,unknown
101078,unknown
101079,2
101080,unknown
101081,unknown
101082,unknown
101083,unknown
101084,2
101085,1
101086,unknown
101087,unknown
101088,unknown
101089,unknown
101090,unknown
101091,unknown
101092,unknown
101093,unknown
101094,2
101095,unknown
101096,2
101097,unknown
101098,unknown
101099,unknown
101100,unknown
101101,unknown
101102,unknown
101103,unknown
101104,2
101105,2
101106,2
101107,unknown
101108,unknown
101109,unknown
101110,unknown
101111,unknown
101112,unknown
101113,unknown
101114,2
101115,unknown
101116,unknown
101117,unknown
101118,2
101119,unknown
101120,unknown
101121,unknown
101122,1
101123,unknown
101124,unknown
101125,unknown
101126,2
101127,unknown
101128,2
101129,unknown
101130,2
101131,unknown
101132,unknown
101133,unknown
101134,unknown
101135,unknown
101136,unknown
101137,2
101138,unknown
101139,unknown
101140,unknown
101141,unknown
101142,2
101143,unknown
101144,unknown
101145,unknown
101146,2
101147,2
101148,unknown
101149,unknown
101150,unknown
101151,unknown
101152,unknown
101153,2
101154,unknown
101155,2
101156,unknown
101157,unknown
101158,2
101159,2
101160,unknown
101161,unknown
101162,unknown
101163,2
101164,unknown
101165,unknown
101166,unknown
101167,2
101168,unknown
101169,unknown
101170,2
101171,unknown
101172,2
101173,unknown
101174,unknown
101175,unknown
101176,unknown
101177,unknown
101178,unknown
101179,unknown
101180,unknown
101181,unknown
101182,unknown
101183,2
101184,unknown
101185,unknown
101186,unknown
101187,2
101188,2
101189,unknown
101190,unknown
101191,unknown
101192,unknown
101193,unknown
101194,unknown
101195,unknown
101196,2
101197,unknown
101198,unknown
101199,unknown
101200,unknown
101201,unknown
101202,unknown
101203,unknown
101204,unknown
101205,unknown
101206,2
101207,2
101208,unknown
101209,2
101210,unknown
101211,unknown
101212,unknown
101213,unknown
101214,unknown
101215,unknown
101216,unknown
101217,unknown
101218,unknown
101219,unknown
101220,unknown
101221,1
101222,unknown
101223,2
101224,2
101225,unknown
101226,unknown
101227,unknown
101228,unknown
101229,2
101230,unknown
101231,2
101232,unknown
101233,unknown
101234,unknown
101235,unknown
101236,2
101237,2
101238,unknown
101239,2
101240,unknown
101241,unknown
101242,unknown
101243,2
101244,unknown
101245,2
101246,2
101247,unknown
101248,unknown
101249,unknown
101250,unknown
101251,2
101252,2
101253,unknown
101254,unknown
101255,unknown
101256,unknown
101257,2
101258,unknown
101259,2
101260,2
101261,unknown
101262,unknown
101263,unknown
101264,unknown
101265,unknown
101266,unknown
101267,2
101268,1
101269,unknown
101270,unknown
101271,unknown
101272,unknown
101273,unknown
101274,unknown
101275,unknown
101276,unknown
101277,2
101278,unknown
101279,unknown
101280,unknown
101281,unknown
101282,unknown
101283,2
101284,unknown
101285,unknown
101286,unknown
101287,unknown
101288,unknown
101289,unknown
101290,unknown
101291,unknown
101292,2
101293,2
101294,unknown
101295,2
101296,unknown
101297,unknown
101298,2
101299,unknown
101300,unknown
101301,unknown
101302,unknown
101303,unknown
101304,unknown
101305,2
101306,unknown
101307,2
101308,unknown
101309,unknown
101310,unknown
101311,unknown
101312,unknown
101313,unknown
101314,1
101315,2
101316,unknown
101317,2
101318,2
101319,unknown
101320,unknown
101321,unknown
101322,2
101323,unknown
101324,1
101325,unknown
101326,unknown
101327,2
101328,unknown
101329,unknown
101330,unknown
101331,2
101332,unknown
101333,unknown
101334,1
101335,unknown
101336,unknown
101337,unknown
101338,2
101339,2
101340,2
101341,unknown
101342,unknown
101343,unknown
101344,unknown
101345,unknown
101346,unknown
101347,unknown
101348,unknown
101349,unknown
101350,unknown
101351,unknown
101352,unknown
101353,2
101354,unknown
101355,unknown
101356,unknown
101357,unknown
101358,unknown
101359,1
101360,unknown
101361,unknown
101362,2
101363,2
101364,unknown
101365,unknown
101366,unknown
101367,1
101368,unknown
101369,unknown
101370,2
101371,unknown
101372,unknown
101373,unknown
101374,unknown
101375,2
101376,2
101377,unknown
101378,unknown
101379,unknown
101380,unknown
101381,unknown
101382,unknown
101383,1
101384,unknown
101385,unknown
101386,2
101387,2
101388,unknown
101389,unknown
101390,unknown
101391,unknown
101392,unknown
101393,unknown
101394,2
101395,2
101396,unknown
101397,unknown
101398,unknown
101399,unknown
101400,unknown
101401,unknown
101402,unknown
101403,unknown
101404,unknown
101405,unknown
101406,unknown
101407,unknown
101408,unknown
101409,unknown
101410,2
101411,unknown
101412,unknown
101413,unknown
101414,unknown
101415,unknown
101416,2
101417,unknown
101418,unknown
101419,unknown
101420,unknown
101421,unknown
101422,unknown
101423,unknown
101424,unknown
101425,2
101426,2
101427,unknown
101428,unknown
101429,2
101430,2
101431,unknown
101432,unknown
101433,unknown
101434,unknown
101435,unknown
101436,unknown
101437,unknown
101438,unknown
101439,unknown
101440,2
101441,unknown
101442,unknown
101443,unknown
101444,unknown
101445,2
101446,2
101447,2
101448,unknown
101449,unknown
101450,2
101451,unknown
101452,2
101453,2
101454,unknown
101455,unknown
101456,unknown
101457,2
101458,unknown
101459,2
101460,unknown
101461,unknown
101462,unknown
101463,unknown
101464,unknown
101465,1
101466,2
101467,unknown
101468,unknown
101469,unknown
101470,unknown
101471,unknown
101472,unknown
101473,unknown
101474,unknown
101475,2
101476,2
101477,unknown
101478,unknown
101479,unknown
101480,unknown
101481,unknown
101482,unknown
101483,2
101484,unknown
101485,unknown
101486,unknown
101487,unknown
101488,unknown
101489,unknown
101490,unknown
101491,unknown
101492,unknown
101493,2
101494,unknown
101495,unknown
101496,unknown
101497,unknown
101498,unknown
101499,unknown
101500,unknown
101501,unknown
101502,unknown
101503,2
101504,unknown
101505,unknown
101506,unknown
101507,unknown
101508,unknown
101509,unknown
101510,unknown
101511,unknown
101512,unknown
101513,unknown
101514,unknown
101515,unknown
101516,unknown
101517,unknown
101518,2
101519,unknown
101520,unknown
101521,unknown
101522,unknown
101523,unknown
101524,unknown
101525,unknown
101526,unknown
101527,unknown
101528,unknown
101529,unknown
101530,2
101531,unknown
101532,unknown
101533,unknown
101534,unknown
101535,2
101536,unknown
101537,unknown
101538,2
101539,2
101540,2
101541,unknown
101542,unknown
101543,1
101544,unknown
101545,unknown
101546,unknown
101547,unknown
101548,unknown
101549,unknown
101550,unknown
101551,unknown
101552,unknown
101553,2
101554,unknown
101555,2
101556,unknown
101557,unknown
101558,unknown
101559,2
101560,unknown
101561,unknown
101562,unknown
101563,unknown
101564,2
101565,unknown
101566,unknown
101567,unknown
101568,unknown
101569,2
101570,unknown
101571,2
101572,unknown
101573,unknown
101574,unknown
101575,unknown
101576,unknown
101577,unknown
101578,2
101579,unknown
101580,unknown
101581,unknown
101582,unknown
101583,2
101584,2
101585,unknown
101586,2
101587,unknown
101588,unknown
101589,2
101590,unknown
101591,unknown
101592,unknown
101593,unknown
101594,unknown
101595,unknown
101596,unknown
101597,2
101598,unknown
101599,unknown
101600,unknown
101601,unknown
101602,unknown
101603,2
101604,2
101605,unknown
101606,unknown
101607,2
101608,unknown
101609,unknown
101610,unknown
101611,unknown
101612,unknown
101613,unknown
101614,unknown
101615,unknown
101616,unknown
101617,unknown
101618,unknown
101619,unknown
101620,unknown
101621,unknown
101622,unknown
101623,unknown
101624,unknown
101625,unknown
101626,2
101627,2
101628,unknown
101629,unknown
101630,2
101631,unknown
101632,unknown
101633,unknown
101634,unknown
101635,2
101636,unknown
101637,unknown
101638,unknown
101639,unknown
101640,unknown
101641,2
101642,unknown
101643,unknown
101644,unknown
101645,unknown
101646,unknown
101647,1
101648,unknown
101649,unknown
101650,unknown
101651,2
101652,unknown
101653,unknown
101654,unknown
101655,unknown
101656,2
101657,2
101658,unknown
101659,unknown
101660,unknown
101661,unknown
101662,2
101663,unknown
101664,unknown
101665,unknown
101666,unknown
101667,2
101668,1
101669,unknown
101670,unknown
101671,unknown
101672,unknown
101673,2
101674,2
101675,2
101676,unknown
101677,unknown
101678,unknown
101679,unknown
101680,unknown
101681,unknown
101682,1
101683,2
101684,unknown
101685,unknown
101686,1
101687,unknown
101688,unknown
101689,2
101690,unknown
101691,unknown
101692,2
101693,2
101694,unknown
101695,unknown
101696,unknown
101697,unknown
101698,2
101699,2
101700,2
101701,2
101702,unknown
101703,unknown
101704,unknown
101705,unknown
101706,unknown
101707,unknown
101708,unknown
101709,2
101710,unknown
101711,unknown
101712,unknown
101713,unknown
101714,unknown
101715,unknown
101716,unknown
101717,2
101718,unknown
101719,unknown
101720,unknown
101721,2
101722,unknown
101723,2
101724,unknown
101725,unknown
101726,unknown
101727,2
101728,unknown
101729,2
101730,unknown
101731,2
101732,unknown
101733,unknown
101734,unknown
101735,2
101736,unknown
101737,unknown
101738,unknown
101739,unknown
101740,unknown
101741,2
101742,unknown
101743,unknown
101744,unknown
101745,unknown
101746,2
101747,unknown
101748,unknown
101749,unknown
101750,unknown
101751,unknown
101752,unknown
101753,unknown
101754,2
101755,2
101756,unknown
101757,unknown
101758,unknown
101759,unknown
101760,unknown
101761,unknown
101762,unknown
101763,unknown
101764,unknown
101765,unknown
101766,unknown
101767,2
101768,unknown
101769,unknown
101770,unknown
101771,unknown
101772,unknown
101773,unknown
101774,unknown
101775,unknown
101776,unknown
101777,unknown
101778,unknown
101779,unknown
101780,2
101781,unknown
101782,unknown
101783,2
101784,2
101785,unknown
101786,2
101787,2
101788,2
101789,unknown
101790,unknown
101791,unknown
101792,2
101793,unknown
101794,2
101795,unknown
101796,unknown
101797,unknown
101798,unknown
101799,unknown
101800,unknown
101801,2
101802,unknown
101803,unknown
101804,unknown
101805,unknown
101806,unknown
101807,2
101808,2
101809,2
101810,unknown
101811,unknown
101812,unknown
101813,unknown
101814,unknown
101815,unknown
101816,2
101817,unknown
101818,unknown
101819,unknown
101820,unknown
101821,unknown
101822,2
101823,1
101824,unknown
101825,unknown
101826,unknown
101827,unknown
101828,2
101829,2
101830,unknown
101831,2
101832,unknown
101833,1
101834,unknown
101835,2
101836,2
101837,unknown
101838,unknown
101839,unknown
101840,unknown
101841,unknown
101842,unknown
101843,unknown
101844,unknown
101845,unknown
101846,unknown
101847,unknown
101848,unknown
101849,2
101850,unknown
101851,unknown
101852,unknown
101853,2
101854,unknown
101855,1
101856,unknown
101857,unknown
101858,unknown
101859,unknown
101860,unknown
101861,unknown
101862,unknown
101863,unknown
101864,unknown
101865,unknown
101866,2
101867,unknown
101868,unknown
101869,unknown
101870,unknown
101871,unknown
101872,2
101873,unknown
101874,unknown
101875,unknown
101876,unknown
101877,unknown
101878,unknown
101879,unknown
101880,unknown
101881,unknown
101882,unknown
101883,2
101884,unknown
101885,unknown
101886,unknown
101887,unknown
101888,2
101889,2
101890,1
101891,unknown
101892,2
101893,unknown
101894,unknown
101895,unknown
101896,unknown
101897,unknown
101898,unknown
101899,2
101900,unknown
101901,unknown
101902,unknown
101903,unknown
101904,unknown
101905,2
101906,unknown
101907,unknown
101908,unknown
101909,unknown
101910,unknown
101911,unknown
101912,unknown
101913,unknown
101914,unknown
101915,unknown
101916,unknown
101917,unknown
101918,unknown
101919,unknown
101920,unknown
101921,unknown
101922,2
101923,unknown
101924,unknown
101925,unknown
101926,2
101927,unknown
101928,unknown
101929,unknown
101930,unknown
101931,unknown
101932,1
101933,unknown
101934,unknown
101935,unknown
101936,unknown
101937,unknown
101938,unknown
101939,unknown
101940,unknown
101941,2
101942,2
101943,unknown
101944,unknown
101945,unknown
101946,unknown
101947,unknown
101948,unknown
101949,unknown
101950,unknown
101951,unknown
101952,unknown
101953,2
101954,unknown
101955,unknown
101956,1
101957,unknown
101958,unknown
101959,unknown
101960,unknown
101961,unknown
101962,2
101963,2
101964,unknown
101965,unknown
101966,2
101967,2
101968,unknown
101969,unknown
101970,unknown
101971,unknown
101972,2
101973,2
101974,unknown
101975,unknown
101976,unknown
101977,2
101978,2
101979,unknown
101980,unknown
101981,unknown
101982,2
101983,unknown
101984,unknown
101985,unknown
101986,2
101987,2
101988,unknown
101989,unknown
101990,unknown
101991,unknown
101992,unknown
101993,unknown
101994,2
101995,unknown
101996,unknown
101997,unknown
101998,unknown
101999,unknown
102000,unknown
102001,unknown
102002,unknown
102003,unknown
102004,2
102005,unknown
102006,unknown
102007,unknown
102008,unknown
102009,unknown
102010,unknown
102011,unknown
102012,unknown
102013,unknown
102014,unknown
102015,unknown
102016,unknown
102017,unknown
102018,unknown
102019,2
102020,unknown
102021,unknown
102022,unknown
102023,unknown
102024,unknown
102025,2
102026,unknown
102027,unknown
102028,unknown
102029,unknown
102030,2
102031,unknown
102032,unknown
102033,unknown
102034,2
102035,2
102036,unknown
102037,unknown
102038,unknown
102039,unknown
102040,unknown
102041,unknown
102042,2
102043,unknown
102044,unknown
102045,unknown
102046,1
102047,2
102048,2
102049,unknown
102050,unknown
102051,unknown
102052,unknown
102053,unknown
102054,2
102055,unknown
102056,unknown
102057,unknown
102058,2
102059,unknown
102060,2
102061,unknown
102062,unknown
102063,unknown
102064,2
102065,unknown
102066,2
102067,unknown
102068,2
102069,unknown
102070,unknown
102071,unknown
102072,unknown
102073,unknown
102074,unknown
102075,2
102076,unknown
102077,unknown
102078,2
102079,unknown
102080,2
102081,unknown
102082,unknown
102083,2
102084,unknown
102085,unknown
102086,unknown
102087,2
102088,1
102089,unknown
102090,2
102091,unknown
102092,unknown
102093,unknown
102094,unknown
102095,unknown
102096,2
102097,unknown
102098,unknown
102099,unknown
102100,unknown
102101,unknown
102102,unknown
102103,unknown
102104,1
102105,unknown
102106,unknown
102107,2
102108,unknown
102109,2
102110,unknown
102111,unknown
102112,unknown
102113,unknown
102114,unknown
102115,unknown
102116,unknown
102117,unknown
102118,2
102119,unknown
102120,2
102121,2
102122,unknown
102123,unknown
102124,2
102125,unknown
102126,unknown
102127,unknown
102128,unknown
102129,unknown
102130,unknown
102131,unknown
102132,2
102133,unknown
102134,unknown
102135,unknown
102136,2
102137,unknown
102138,unknown
102139,unknown
102140,2
102141,unknown
102142,unknown
102143,2
102144,unknown
102145,unknown
102146,unknown
102147,2
102148,unknown
102149,unknown
102150,unknown
102151,unknown
102152,2
102153,unknown
102154,2
102155,unknown
102156,unknown
102157,unknown
102158,2
102159,unknown
102160,unknown
102161,unknown
102162,unknown
102163,unknown
102164,2
102165,2
102166,unknown
102167,unknown
102168,unknown
102169,unknown
102170,2
102171,2
102172,2
102173,unknown
102174,unknown
102175,unknown
102176,unknown
102177,unknown
102178,unknown
102179,2
102180,unknown
102181,unknown
102182,unknown
102183,unknown
102184,unknown
102185,1
102186,unknown
102187,unknown
102188,unknown
102189,unknown
102190,unknown
102191,2
102192,2
102193,unknown
102194,unknown
102195,unknown
102196,unknown
102197,unknown
102198,unknown
102199,unknown
102200,unknown
102201,unknown
102202,1
102203,2
102204,unknown
102205,unknown
102206,unknown
102207,2
102208,unknown
102209,unknown
102210,2
102211,unknown
102212,2
102213,unknown
102214,unknown
102215,unknown
102216,2
102217,unknown
102218,unknown
102219,unknown
102220,unknown
102221,2
102222,unknown
102223,2
102224,unknown
102225,unknown
102226,unknown
102227,unknown
102228,unknown
102229,unknown
102230,unknown
102231,unknown
102232,unknown
102233,unknown
102234,unknown
102235,unknown
102236,unknown
102237,unknown
102238,unknown
102239,1
102240,unknown
102241,unknown
102242,unknown
102243,2
102244,unknown
102245,unknown
102246,unknown
102247,unknown
102248,unknown
102249,unknown
102250,2
102251,unknown
102252,2
102253,unknown
102254,unknown
102255,2
102256,unknown
102257,unknown
102258,2
102259,2
102260,2
102261,unknown
102262,unknown
102263,unknown
102264,unknown
102265,unknown
102266,2
102267,unknown
102268,unknown
102269,unknown
102270,2
102271,unknown
102272,unknown
102273,unknown
102274,unknown
102275,unknown
102276,2
102277,unknown
102278,unknown
102279,unknown
102280,2
102281,unknown
102282,2
102283,unknown
102284,unknown
102285,unknown
102286,unknown
102287,unknown
102288,unknown
102289,unknown
102290,unknown
102291,unknown
102292,1
102293,2
102294,unknown
102295,unknown
102296,2
102297,unknown
102298,unknown
102299,2
102300,unknown
102301,2
102302,unknown
102303,2
102304,unknown
102305,unknown
102306,unknown
102307,unknown
102308,unknown
102309,unknown
102310,2
102311,unknown
102312,2
102313,unknown
102314,unknown
102315,unknown
102316,unknown
102317,2
102318,unknown
102319,1
102320,unknown
102321,unknown
102322,unknown
102323,unknown
102324,2
102325,unknown
102326,unknown
102327,2
102328,unknown
102329,unknown
102330,unknown
102331,2
102332,unknown
102333,unknown
102334,unknown
102335,2
102336,unknown
102337,unknown
102338,unknown
102339,unknown
102340,2
102341,unknown
102342,unknown
102343,unknown
102344,unknown
102345,2
102346,2
102347,unknown
102348,unknown
102349,unknown
102350,2
102351,unknown
102352,2
102353,unknown
102354,unknown
102355,unknown
102356,2
102357,unknown
102358,unknown
102359,unknown
102360,unknown
102361,unknown
102362,unknown
102363,2
102364,unknown
102365,1
102366,unknown
102367,1
102368,unknown
102369,2
102370,unknown
102371,unknown
102372,unknown
102373,2
102374,unknown
102375,2
102376,unknown
102377,unknown
102378,unknown
102379,unknown
102380,unknown
102381,unknown
102382,unknown
102383,unknown
102384,unknown
102385,unknown
102386,unknown
102387,unknown
102388,unknown
102389,unknown
102390,unknown
102391,unknown
102392,unknown
102393,unknown
102394,unknown
102395,unknown
102396,2
102397,unknown
102398,unknown
102399,unknown
102400,unknown
102401,unknown
102402,unknown
102403,2
102404,unknown
102405,unknown
102406,2
102407,unknown
102408,2
102409,unknown
102410,unknown
102411,unknown
102412,unknown
102413,unknown
102414,unknown
102415,unknown
102416,unknown
102417,2
102418,unknown
102419,unknown
102420,unknown
102421,2
102422,unknown
102423,unknown
102424,unknown
102425,unknown
102426,2
102427,unknown
102428,unknown
102429,unknown
102430,unknown
102431,unknown
102432,unknown
102433,2
102434,unknown
102435,unknown
102436,unknown
102437,2
102438,unknown
102439,unknown
102440,unknown
102441,unknown
102442,unknown
102443,unknown
102444,unknown
102445,2
102446,unknown
102447,unknown
102448,unknown
102449,unknown
102450,unknown
102451,unknown
102452,unknown
102453,unknown
102454,unknown
102455,unknown
102456,unknown
102457,unknown
102458,unknown
102459,2
102460,2
102461,unknown
102462,unknown
102463,unknown
102464,unknown
102465,unknown
102466,unknown
102467,unknown
102468,unknown
102469,2
102470,2
102471,2
102472,unknown
102473,unknown
102474,unknown
102475,unknown
102476,unknown
102477,unknown
102478,2
102479,2
102480,unknown
102481,2
102482,unknown
102483,unknown
102484,unknown
102485,unknown
102486,unknown
102487,unknown
102488,unknown
102489,unknown
102490,1
102491,unknown
102492,unknown
102493,2
102494,unknown
102495,unknown
102496,unknown
102497,unknown
102498,2
102499,unknown
102500,unknown
102501,2
102502,unknown
102503,unknown
102504,unknown
102505,unknown
102506,unknown
102507,unknown
102508,2
102509,unknown
102510,unknown
102511,unknown
102512,unknown
102513,unknown
102514,2
102515,unknown
102516,unknown
102517,unknown
102518,unknown
102519,unknown
102520,unknown
102521,unknown
102522,unknown
102523,unknown
102524,2
102525,unknown
102526,2
102527,unknown
102528,unknown
102529,unknown
102530,unknown
102531,2
102532,unknown
102533,2
102534,2
102535,unknown
102536,unknown
102537,2
102538,2
102539,unknown
102540,unknown
102541,unknown
102542,2
102543,1
102544,unknown
102545,unknown
102546,unknown
102547,unknown
102548,unknown
102549,2
102550,unknown
102551,2
102552,unknown
102553,unknown
102554,unknown
102555,2
102556,unknown
102557,2
102558,unknown
102559,2
102560,2
102561,unknown
102562,1
102563,2
102564,unknown
102565,unknown
102566,unknown
102567,unknown
102568,unknown
102569,unknown
102570,unknown
102571,unknown
102572,unknown
102573,unknown
102574,2
102575,2
102576,2
102577,unknown
102578,unknown
102579,unknown
102580,unknown
102581,2
102582,unknown
102583,unknown
102584,unknown
102585,2
102586,unknown
102587,unknown
102588,2
102589,unknown
102590,unknown
102591,2
102592,unknown
102593,unknown
102594,unknown
102595,unknown
102596,unknown
102597,unknown
102598,2
102599,unknown
102600,unknown
102601,unknown
102602,unknown
102603,unknown
102604,unknown
102605,2
102606,2
102607,unknown
102608,unknown
102609,unknown
102610,unknown
102611,2
102612,2
102613,unknown
102614,unknown
102615,2
102616,unknown
102617,unknown
102618,unknown
102619,unknown
102620,unknown
102621,2
102622,2
102623,unknown
102624,unknown
102625,unknown
102626,unknown
102627,unknown
102628,unknown
102629,1
102630,unknown
102631,2
102632,2
102633,unknown
102634,unknown
102635,unknown
102636,unknown
102637,2
102638,unknown
102639,unknown
102640,2
102641,unknown
102642,2
102643,unknown
102644,2
102645,unknown
102646,unknown
102647,unknown
102648,unknown
102649,unknown
102650,unknown
102651,unknown
102652,unknown
102653,unknown
102654,unknown
102655,unknown
102656,unknown
102657,unknown
102658,unknown
102659,unknown
102660,unknown
102661,2
102662,unknown
102663,unknown
102664,unknown
102665,unknown
102666,unknown
102667,unknown
102668,unknown
102669,2
102670,unknown
102671,unknown
102672,unknown
102673,unknown
102674,unknown
102675,unknown
102676,unknown
102677,unknown
102678,unknown
102679,unknown
102680,unknown
102681,unknown
102682,2
102683,unknown
102684,unknown
102685,unknown
102686,unknown
102687,unknown
102688,unknown
102689,2
102690,unknown
102691,unknown
102692,2
102693,unknown
102694,unknown
102695,unknown
102696,unknown
102697,unknown
102698,unknown
102699,unknown
102700,unknown
102701,unknown
102702,unknown
102703,unknown
102704,unknown
102705,unknown
102706,unknown
102707,unknown
102708,unknown
102709,unknown
102710,unknown
102711,unknown
102712,unknown
102713,unknown
102714,unknown
102715,unknown
102716,unknown
102717,unknown
102718,unknown
102719,2
102720,unknown
102721,2
102722,unknown
102723,2
102724,unknown
102725,unknown
102726,unknown
102727,unknown
102728,unknown
102729,unknown
102730,unknown
102731,2
102732,unknown
102733,unknown
102734,unknown
102735,unknown
102736,unknown
102737,2
102738,unknown
102739,unknown
102740,unknown
102741,unknown
102742,1
102743,unknown
102744,unknown
102745,unknown
102746,unknown
102747,2
102748,unknown
102749,unknown
102750,unknown
102751,unknown
102752,unknown
102753,unknown
102754,unknown
102755,unknown
102756,unknown
102757,unknown
102758,unknown
102759,unknown
102760,unknown
102761,unknown
102762,unknown
102763,unknown
102764,unknown
102765,unknown
102766,2
102767,2
102768,unknown
102769,unknown
102770,unknown
102771,2
102772,unknown
102773,unknown
102774,2
102775,unknown
102776,2
102777,unknown
102778,2
102779,unknown
102780,unknown
102781,2
102782,unknown
102783,unknown
102784,unknown
102785,unknown
102786,unknown
102787,unknown
102788,unknown
102789,unknown
102790,unknown
102791,unknown
102792,unknown
102793,unknown
102794,unknown
102795,unknown
102796,unknown
102797,unknown
102798,1
102799,2
102800,2
102801,unknown
102802,unknown
102803,unknown
102804,2
102805,2
102806,2
102807,unknown
102808,2
102809,unknown
102810,2
102811,unknown
102812,unknown
102813,unknown
102814,unknown
102815,2
102816,2
102817,2
102818,unknown
102819,2
102820,unknown
102821,unknown
102822,1
102823,unknown
102824,unknown
102825,unknown
102826,unknown
102827,unknown
102828,unknown
102829,unknown
102830,unknown
102831,unknown
102832,2
102833,unknown
102834,unknown
102835,2
102836,unknown
102837,unknown
102838,unknown
102839,2
102840,2
102841,unknown
102842,unknown
102843,unknown
102844,unknown
102845,unknown
102846,unknown
102847,unknown
102848,unknown
102849,1
102850,unknown
102851,unknown
102852,unknown
102853,unknown
102854,unknown
102855,unknown
102856,2
102857,unknown
102858,2
102859,unknown
102860,2
102861,unknown
102862,unknown
102863,2
102864,2
102865,2
102866,unknown
102867,unknown
102868,unknown
102869,unknown
102870,unknown
102871,unknown
102872,unknown
102873,2
102874,unknown
102875,unknown
102876,2
102877,unknown
102878,unknown
102879,2
102880,unknown
102881,2
102882,unknown
102883,unknown
102884,unknown
102885,unknown
102886,1
102887,unknown
102888,unknown
102889,unknown
102890,unknown
102891,unknown
102892,unknown
102893,unknown
102894,unknown
102895,unknown
102896,unknown
102897,unknown
102898,unknown
102899,unknown
102900,unknown
102901,unknown
102902,unknown
102903,unknown
102904,unknown
102905,unknown
102906,unknown
102907,unknown
102908,unknown
102909,2
102910,2
102911,unknown
102912,unknown
102913,unknown
102914,2
102915,unknown
102916,unknown
102917,unknown
102918,unknown
102919,unknown
102920,unknown
102921,unknown
102922,unknown
102923,unknown
102924,2
102925,unknown
102926,unknown
102927,unknown
102928,unknown
102929,unknown
102930,1
102931,2
102932,unknown
102933,2
102934,2
102935,unknown
102936,unknown
102937,unknown
102938,unknown
102939,unknown
102940,2
102941,unknown
102942,unknown
102943,unknown
102944,unknown
102945,unknown
102946,2
102947,unknown
102948,unknown
102949,2
102950,2
102951,unknown
102952,2
102953,unknown
102954,unknown
102955,unknown
102956,unknown
102957,unknown
102958,unknown
102959,unknown
102960,unknown
102961,unknown
102962,unknown
102963,unknown
102964,unknown
102965,unknown
102966,unknown
102967,unknown
102968,unknown
102969,unknown
102970,unknown
102971,unknown
102972,unknown
102973,2
102974,unknown
102975,unknown
102976,unknown
102977,unknown
102978,unknown
102979,unknown
102980,2
102981,unknown
102982,unknown
102983,unknown
102984,unknown
102985,unknown
102986,unknown
102987,unknown
102988,unknown
102989,unknown
102990,unknown
102991,2
102992,unknown
102993,unknown
102994,unknown
102995,unknown
102996,1
102997,unknown
102998,2
102999,1
103000,unknown
103001,2
103002,unknown
103003,unknown
103004,2
103005,2
103006,unknown
103007,unknown
103008,unknown
103009,unknown
103010,unknown
103011,unknown
103012,2
103013,2
103014,unknown
103015,unknown
103016,unknown
103017,2
103018,2
103019,2
103020,unknown
103021,unknown
103022,unknown
103023,unknown
103024,unknown
103025,unknown
103026,unknown
103027,unknown
103028,unknown
103029,unknown
103030,unknown
103031,unknown
103032,1
103033,unknown
103034,2
103035,2
103036,unknown
103037,unknown
103038,unknown
103039,2
103040,unknown
103041,unknown
103042,unknown
103043,unknown
103044,2
103045,unknown
103046,unknown
103047,unknown
103048,unknown
103049,unknown
103050,unknown
103051,unknown
103052,unknown
103053,unknown
103054,unknown
103055,2
103056,unknown
103057,unknown
103058,2
103059,unknown
103060,2
103061,unknown
103062,unknown
103063,2
103064,2
103065,unknown
103066,unknown
103067,unknown
103068,unknown
103069,unknown
103070,unknown
103071,unknown
103072,2
103073,unknown
103074,unknown
103075,unknown
103076,2
103077,unknown
103078,2
103079,unknown
103080,unknown
103081,unknown
103082,2
103083,unknown
103084,unknown
103085,unknown
103086,unknown
103087,unknown
103088,unknown
103089,unknown
103090,unknown
103091,2
103092,unknown
103093,unknown
103094,2
103095,unknown
103096,unknown
103097,unknown
103098,unknown
103099,2
103100,unknown
103101,unknown
103102,unknown
103103,unknown
103104,unknown
103105,unknown
103106,2
103107,unknown
103108,2
103109,unknown
103110,2
103111,unknown
103112,unknown
103113,unknown
103114,unknown
103115,unknown
103116,unknown
103117,unknown
103118,unknown
103119,unknown
103120,unknown
103121,unknown
103122,unknown
103123,unknown
103124,2
103125,unknown
103126,2
103127,unknown
103128,unknown
103129,2
103130,2
103131,unknown
103132,unknown
103133,unknown
103134,unknown
103135,2
103136,unknown
103137,unknown
103138,unknown
103139,unknown
103140,unknown
103141,unknown
103142,unknown
103143,unknown
103144,unknown
103145,unknown
103146,unknown
103147,2
103148,unknown
103149,unknown
103150,2
103151,unknown
103152,unknown
103153,unknown
103154,unknown
103155,2
103156,unknown
103157,unknown
103158,unknown
103159,unknown
103160,unknown
103161,unknown
103162,unknown
103163,unknown
103164,unknown
103165,unknown
103166,unknown
103167,unknown
103168,2
103169,unknown
103170,2
103171,unknown
103172,2
103173,unknown
103174,unknown
103175,unknown
103176,unknown
103177,unknown
103178,2
103179,unknown
103180,unknown
103181,unknown
103182,unknown
103183,unknown
103184,unknown
103185,unknown
103186,unknown
103187,unknown
103188,unknown
103189,unknown
103190,2
103191,1
103192,unknown
103193,unknown
103194,unknown
103195,unknown
103196,unknown
103197,unknown
103198,2
103199,unknown
103200,2
103201,unknown
103202,unknown
103203,unknown
103204,unknown
103205,unknown
103206,2
103207,unknown
103208,unknown
103209,unknown
103210,unknown
103211,unknown
103212,unknown
103213,unknown
103214,unknown
103215,unknown
103216,unknown
103217,unknown
103218,unknown
103219,unknown
103220,unknown
103221,unknown
103222,unknown
103223,unknown
103224,unknown
103225,unknown
103226,unknown
103227,2
103228,unknown
103229,unknown
103230,2
103231,2
103232,unknown
103233,1
103234,unknown
103235,unknown
103236,2
103237,unknown
103238,unknown
103239,unknown
103240,unknown
103241,unknown
103242,2
103243,2
103244,unknown
103245,unknown
103246,unknown
103247,unknown
103248,unknown
103249,unknown
103250,unknown
103251,unknown
103252,unknown
103253,unknown
103254,2
103255,unknown
103256,unknown
103257,unknown
103258,unknown
103259,unknown
103260,2
103261,unknown
103262,unknown
103263,unknown
103264,2
103265,unknown
103266,unknown
103267,unknown
103268,unknown
103269,unknown
103270,unknown
103271,unknown
103272,unknown
103273,unknown
103274,unknown
103275,2
103276,unknown
103277,2
103278,unknown
103279,unknown
103280,unknown
103281,2
103282,2
103283,2
103284,unknown
103285,unknown
103286,unknown
103287,2
103288,2
103289,unknown
103290,unknown
103291,2
103292,unknown
103293,unknown
103294,unknown
103295,unknown
103296,unknown
103297,unknown
103298,2
103299,unknown
103300,unknown
103301,unknown
103302,unknown
103303,unknown
103304,unknown
103305,unknown
103306,unknown
103307,unknown
103308,2
103309,unknown
103310,2
103311,unknown
103312,2
103313,unknown
103314,2
103315,unknown
103316,unknown
103317,unknown
103318,unknown
103319,2
103320,unknown
103321,unknown
103322,unknown
103323,unknown
103324,unknown
103325,unknown
103326,unknown
103327,unknown
103328,unknown
103329,unknown
103330,unknown
103331,unknown
103332,unknown
103333,unknown
103334,unknown
103335,unknown
103336,2
103337,2
103338,unknown
103339,unknown
103340,unknown
103341,unknown
103342,unknown
103343,unknown
103344,unknown
103345,unknown
103346,unknown
103347,unknown
103348,unknown
103349,unknown
103350,2
103351,unknown
103352,unknown
103353,unknown
103354,unknown
103355,unknown
103356,unknown
103357,unknown
103358,unknown
103359,unknown
103360,2
103361,unknown
103362,unknown
103363,unknown
103364,2
103365,unknown
103366,unknown
103367,2
103368,2
103369,unknown
103370,unknown
103371,unknown
103372,unknown
103373,unknown
103374,unknown
103375,unknown
103376,unknown
103377,2
103378,unknown
103379,unknown
103380,unknown
103381,2
103382,unknown
103383,unknown
103384,unknown
103385,unknown
103386,unknown
103387,unknown
103388,unknown
103389,unknown
103390,unknown
103391,unknown
103392,2
103393,unknown
103394,2
103395,unknown
103396,2
103397,2
103398,unknown
103399,unknown
103400,2
103401,unknown
103402,unknown
103403,2
103404,2
103405,unknown
103406,2
103407,2
103408,unknown
103409,2
103410,unknown
103411,2
103412,2
103413,unknown
103414,unknown
103415,unknown
103416,unknown
103417,unknown
103418,2
103419,unknown
103420,unknown
103421,unknown
103422,unknown
103423,unknown
103424,unknown
103425,unknown
103426,unknown
103427,2
103428,2
103429,unknown
103430,unknown
103431,unknown
103432,unknown
103433,unknown
103434,unknown
103435,unknown
103436,unknown
103437,2
103438,2
103439,2
103440,unknown
103441,unknown
103442,unknown
103443,unknown
103444,unknown
103445,2
103446,2
103447,unknown
103448,2
103449,unknown
103450,unknown
103451,unknown
103452,unknown
103453,2
103454,unknown
103455,unknown
103456,unknown
103457,2
103458,unknown
103459,unknown
103460,unknown
103461,2
103462,2
103463,2
103464,unknown
103465,unknown
103466,2
103467,1
103468,2
103469,unknown
103470,unknown
103471,unknown
103472,unknown
103473,1
103474,2
103475,unknown
103476,unknown
103477,unknown
103478,unknown
103479,unknown
103480,unknown
103481,2
103482,unknown
103483,unknown
103484,unknown
103485,unknown
103486,unknown
103487,2
103488,unknown
103489,2
103490,unknown
103491,unknown
103492,unknown
103493,unknown
103494,unknown
103495,unknown
103496,2
103497,unknown
103498,unknown
103499,2
103500,unknown
103501,unknown
103502,unknown
103503,unknown
103504,unknown
103505,unknown
103506,2
103507,2
103508,unknown
103509,2
103510,unknown
103511,unknown
103512,2
103513,unknown
103514,unknown
103515,unknown
103516,2
103517,unknown
103518,unknown
103519,unknown
103520,unknown
103521,unknown
103522,unknown
103523,2
103524,2
103525,unknown
103526,unknown
103527,unknown
103528,unknown
103529,2
103530,unknown
103531,unknown
103532,unknown
103533,unknown
103534,unknown
103535,unknown
103536,unknown
103537,2
103538,unknown
103539,unknown
103540,2
103541,unknown
103542,unknown
103543,unknown
103544,unknown
103545,unknown
103546,unknown
103547,unknown
103548,unknown
103549,unknown
103550,unknown
103551,unknown
103552,unknown
103553,2
103554,unknown
103555,unknown
103556,unknown
103557,unknown
103558,unknown
103559,unknown
103560,unknown
103561,unknown
103562,unknown
103563,unknown
103564,2
103565,unknown
103566,unknown
103567,unknown
103568,unknown
103569,unknown
103570,unknown
103571,unknown
103572,unknown
103573,unknown
103574,unknown
103575,2
103576,unknown
103577,2
103578,unknown
103579,unknown
103580,2
103581,unknown
103582,2
103583,2
103584,unknown
103585,unknown
103586,unknown
103587,2
103588,unknown
103589,2
103590,unknown
103591,2
103592,unknown
103593,unknown
103594,unknown
103595,unknown
103596,unknown
103597,unknown
103598,2
103599,2
103600,unknown
103601,unknown
103602,unknown
103603,unknown
103604,unknown
103605,unknown
103606,unknown
103607,unknown
103608,unknown
103609,unknown
103610,unknown
103611,2
103612,unknown
103613,unknown
103614,unknown
103615,unknown
103616,unknown
103617,unknown
103618,unknown
103619,2
103620,unknown
103621,unknown
103622,unknown
103623,unknown
103624,2
103625,2
103626,unknown
103627,unknown
103628,unknown
103629,unknown
103630,unknown
103631,2
103632,unknown
103633,unknown
103634,2
103635,unknown
103636,unknown
103637,unknown
103638,unknown
103639,unknown
103640,unknown
103641,unknown
103642,unknown
103643,1
103644,unknown
103645,2
103646,2
103647,2
103648,unknown
103649,unknown
103650,unknown
103651,unknown
103652,unknown
103653,unknown
103654,2
103655,unknown
103656,unknown
103657,unknown
103658,unknown
103659,unknown
103660,unknown
103661,unknown
103662,unknown
103663,2
103664,2
103665,unknown
103666,2
103667,2
103668,unknown
103669,unknown
103670,unknown
103671,2
103672,unknown
103673,2
103674,unknown
103675,unknown
103676,unknown
103677,2
103678,unknown
103679,unknown
103680,unknown
103681,2
103682,unknown
103683,unknown
103684,2
103685,unknown
103686,unknown
103687,2
103688,unknown
103689,unknown
103690,unknown
103691,1
103692,unknown
103693,unknown
103694,2
103695,unknown
103696,unknown
103697,unknown
103698,unknown
103699,unknown
103700,unknown
103701,1
103702,unknown
103703,2
103704,unknown
103705,unknown
103706,unknown
103707,unknown
103708,unknown
103709,2
103710,unknown
103711,unknown
103712,unknown
103713,unknown
103714,unknown
103715,unknown
103716,unknown
103717,unknown
103718,2
103719,unknown
103720,unknown
103721,unknown
103722,2
103723,unknown
103724,unknown
103725,2
103726,unknown
103727,unknown
103728,unknown
103729,2
103730,2
103731,unknown
103732,unknown
103733,unknown
103734,unknown
103735,unknown
103736,unknown
103737,2
103738,unknown
103739,1
103740,unknown
103741,2
103742,unknown
103743,2
103744,2
103745,unknown
103746,2
103747,unknown
103748,unknown
103749,unknown
103750,unknown
103751,unknown
103752,unknown
103753,unknown
103754,unknown
103755,unknown
103756,2
103757,unknown
103758,unknown
103759,unknown
103760,unknown
103761,unknown
103762,2
103763,unknown
103764,unknown
103765,unknown
103766,unknown
103767,unknown
103768,unknown
103769,2
103770,unknown
103771,unknown
103772,unknown
103773,2
103774,unknown
103775,unknown
103776,2
103777,unknown
103778,unknown
103779,unknown
103780,2
103781,unknown
103782,2
103783,unknown
103784,unknown
103785,unknown
103786,unknown
103787,unknown
103788,unknown
103789,2
103790,unknown
103791,unknown
103792,unknown
103793,2
103794,2
103795,unknown
103796,unknown
103797,unknown
103798,2
103799,unknown
103800,unknown
103801,unknown
103802,unknown
103803,unknown
103804,2
103805,unknown
103806,unknown
103807,2
103808,unknown
103809,2
103810,unknown
103811,2
103812,unknown
103813,1
103814,2
103815,unknown
103816,unknown
103817,unknown
103818,unknown
103819,unknown
103820,unknown
103821,unknown
103822,unknown
103823,unknown
103824,unknown
103825,2
103826,unknown
103827,unknown
103828,2
103829,unknown
103830,unknown
103831,unknown
103832,unknown
103833,unknown
103834,unknown
103835,unknown
103836,unknown
103837,unknown
103838,unknown
103839,unknown
103840,unknown
103841,2
103842,unknown
103843,unknown
103844,unknown
103845,unknown
103846,unknown
103847,unknown
103848,2
103849,2
103850,2
103851,unknown
103852,unknown
103853,unknown
103854,unknown
103855,unknown
103856,unknown
103857,1
103858,unknown
103859,unknown
103860,unknown
103861,unknown
103862,unknown
103863,unknown
103864,2
103865,unknown
103866,unknown
103867,unknown
103868,unknown
103869,2
103870,2
103871,unknown
103872,unknown
103873,2
103874,unknown
103875,unknown
103876,unknown
103877,2
103878,1
103879,unknown
103880,unknown
103881,unknown
103882,2
103883,unknown
103884,unknown
103885,unknown
103886,2
103887,unknown
103888,unknown
103889,2
103890,2
103891,unknown
103892,unknown
103893,unknown
103894,1
103895,unknown
103896,unknown
103897,2
103898,unknown
103899,unknown
103900,unknown
103901,unknown
103902,unknown
103903,unknown
103904,unknown
103905,2
103906,unknown
103907,unknown
103908,unknown
103909,unknown
103910,unknown
103911,2
103912,2
103913,unknown
103914,unknown
103915,unknown
103916,unknown
103917,unknown
103918,2
103919,unknown
103920,unknown
103921,unknown
103922,2
103923,unknown
103924,unknown
103925,2
103926,unknown
103927,unknown
103928,unknown
103929,unknown
103930,unknown
103931,unknown
103932,unknown
103933,unknown
103934,unknown
103935,unknown
103936,unknown
103937,unknown
103938,unknown
103939,2
103940,unknown
103941,unknown
103942,unknown
103943,unknown
103944,unknown
103945,unknown
103946,unknown
103947,unknown
103948,unknown
103949,unknown
103950,unknown
103951,unknown
103952,2
103953,unknown
103954,unknown
103955,unknown
103956,unknown
103957,unknown
103958,unknown
103959,2
103960,unknown
103961,unknown
103962,unknown
103963,unknown
103964,unknown
103965,unknown
103966,2
103967,unknown
103968,2
103969,unknown
103970,unknown
103971,unknown
103972,unknown
103973,2
103974,unknown
103975,unknown
103976,unknown
103977,unknown
103978,unknown
103979,unknown
103980,unknown
103981,unknown
103982,unknown
103983,unknown
103984,unknown
103985,unknown
103986,unknown
103987,unknown
103988,unknown
103989,unknown
103990,unknown
103991,unknown
103992,unknown
103993,unknown
103994,unknown
103995,unknown
103996,unknown
103997,unknown
103998,unknown
103999,unknown
